<?xml version="1.0" encoding="UTF-8"?>
<!DOCTYPE beans PUBLIC "-//SPRING//DTD BEAN//EN" "http://www.springframework.org/dtd/spring-beans.dtd">

<beans default-autowire="byName"> 
	<!--// To switch to MySQL comment out Derby and uncomment MySQL //-->
	<!-- <import resource="/CFIDE/administrator/ColdBooks/config/ColdSpring.ColdBooks.derby.xml" /> -->
	<import resource="/CFIDE/administrator/ColdBooks/config/ColdSpring.ColdBooks.mysql.xml" />

	<!--// ************************************************** //-->
	<!--// Validat configuration //-->
	<!-- note that I'm importing twice. Depending on how CB is being used we may or may not
	 have a /ColdBooks mapping.  If we don't for some reason the CFIDE version will work -->
	<import resource="/CFIDE/administrator/ColdBooks/validat/config/validat.xml" />
	<import resource="/ColdBooks/validat/config/validat.xml" />

	<bean id="Validat" parent="ValidatCore">
		<constructor-arg name="pathToConfigXML">
			<value>/ColdBooks/config/Validat.xml</value>
		</constructor-arg>
	</bean>	
	
	<bean id="ColdBooksBeanTransformer" class="ColdBooks.model.validat.BeanTransformer" />
	
	<bean id="ColdBooksValidateUUID" class="ColdBooks.model.validat.validateUUID" />

	<bean id="ColdBooksIsValidCfcList" class="ColdBooks.model.validat.isValidCfcList" />

	<!--// ************************************************** //-->
	<!--// Mark Mandel's excellent Java Loader (with one minor extension) //-->
	<bean id="ColdBooksJavaLoader" class="ColdBooks.model.javaloader.ExpandingJavaLoader">
		<constructor-arg name="loadPaths">
			<list>
				<value>/CFIDE/administrator/ColdBooks/java/ColdBooks.jar</value>
			</list>
		</constructor-arg>
	</bean>
	
	<!--// ************************************************** //-->
	<bean id="ColdBooksQBWCTarget" class="ColdBooks.model.service.qbwc">
		<property name="version">
			<value>1.0-Beta</value>
		</property>
		<property name="runAsBatch">
			<value>true</value>
		</property>
	</bean>
	
	<bean id="ColdBooksQBWC" class="coldspring.aop.framework.ProxyFactoryBean">
		<property name="target">
			<ref bean="ColdBooksQBWCTarget" />
		</property>
		<property name="interceptorNames">
			<list>
				<value>ColdBooksExceptionAndLoggingAdvisor</value>
			</list>
		</property>
	</bean>
	
	<bean id="ColdBooksConnectionFactory" class="ColdBooks.model.factory.ConnectionFactory" />
	<bean id="ColdBooksMessageFactory" class="ColdBooks.model.factory.MessageFactory" />
	
	<bean id="ColdBooksSecurityService" class="ColdBooks.model.service.SecurityService" />
	<bean id="ColdBooksConnectionService" class="ColdBooks.model.service.ConnectionService" />
	
	<bean id="ColdBooksMessageService" class="ColdBooks.model.service.MessageService" />
	
	<bean id="ColdBooksDatasource" class="ColdBooks.modelglue.Bean.CommonBeans.Datasource">
		<property name="dsn">
			<value>ColdBooksData</value>
		</property>
	</bean>

	<bean id="ColdBooksSession" class="ColdBooks.model.session.Session">
		<property name="timeout">
			<value>240</value>
		</property>
	</bean>
		
	<bean id="ColdBooksExceptionAndLoggingAdvisor" class="ColdBooks.model.advice.ExceptionAndLoggingAdvisor">
		<property name="enabled">
			<value>true</value>
		</property>
	</bean>	
	
	<bean id="ColdBooksTranslator" class="ColdBooks.model.qbxml.Translator" />

	<!-- this bean will mix in a cfml() function into specified objects when CS is loaded -->
	<bean id="ColdBooksCfmlRunner" class="ColdBooks.model.util.cfmlRunner" lazy-init="false">
		<constructor-arg name="mixinTargets">
			<list>
				<ref bean="ColdBooksConnectionService" />
				<ref bean="ColdBooksMessageDao" />
				<ref bean="ColdBooksMigrator" />
			</list>
		</constructor-arg>
	</bean>

</beans>