<?xml version="1.0" encoding="UTF-8"?>
<!DOCTYPE beans PUBLIC "-//SPRING//DTD BEAN//EN" "http://www.springframework.org/dtd/spring-beans.dtd">

<beans default-autowire="byName">

	<bean id="ColdBooksDbConfig" class="ColdBooks.modelglue.Bean.CommonBeans.SimpleConfig">
		<property name="config">
			<map>
				<entry key="dbType">
					<value>Derby</value>
				</entry>
			</map>
		</property>
	</bean>

	<bean id="ColdBooksConnectionDao" class="ColdBooks.model.dao.derby.ConnectionDao" />
	<bean id="ColdBooksMessageDao" class="ColdBooks.model.dao.derby.MessageDao">
		<property name="maxMessages">
			<value>25</value>
		</property>
	</bean>

	<!-- this bean handles making sure we have the latest changes to the database applied -->
	<bean id="ColdBooksMigrator" class="ColdBooks.model.dao.derby.migrator" />

</beans>