<?xml version="1.0" encoding="UTF-8"?>
<modelglue>

<controllers>
	<controller id="Controller" type="controller.Controller" beans="ColdBooksSecurityService,ColdBooksConnectionService,ColdBooksMessageService,ColdBooksDbConfig">
		<message-listener message="InsureLoggedIntoCFAdmin" function="InsureLoggedIntoCFAdmin" />
		<message-listener message="SaveConnection" function="SaveConnection" />
		<message-listener message="ListConnections" function="ListConnections" />
		<message-listener message="GetDbType" functions="GetDbType" />
		<message-listener message="GetConnection" function="GetConnection" />
		<message-listener message="DeleteConnection" function="DeleteConnection" />
		<message-listener message="GetQwsXml" function="GetQwsXml" />
		<message-listener message="GetLogRecord" function="GetLogRecord" />
		<message-listener message="ZipAndSendDatabase" function="ZipAndSendDatabase" />
		<message-listener message="getErrorReport" function="getErrorReport" />
	</controller>
</controllers>
	
<event-types>
	<event-type name="Secured">
		<before>
			<broadcasts>
				<message name="InsureLoggedIntoCFAdmin" />	
			</broadcasts>
		</before>
	</event-type>
	<event-type name="Templated">
		<after>
			<views>
				<include name="template" template="template/template.cfm" />
			</views>
		</after>
	</event-type>	
</event-types>
		
<event-handlers>
	
	<!-- <event-handler name="Configure">
		<broadcasts>
			<message name="ConfigureColdBooks" />	
		</broadcasts>
		<views>
			<include name="body" template="pages/configured.cfm" />
		</views>
	</event-handler> -->
	
	<event-handler name="Connections" type="Secured,Templated">
		<broadcasts>
			<message name="ListConnections" />
			<message name="GetDbType" />
		</broadcasts>
		<views>
			<include name="body" template="pages/connections.cfm">
				<value name="xe.integration" value="Integration" />
				<value name="xe.editConnection" value="EditConnection" />
				<value name="xe.deleteConnection" value="DeleteConnection" />
				<value name="xe.getQwsFile" value="GetQwsFile" />
				<value name="xe.viewLog" value="ViewLog" />
				<value name="xe.downloadDatabase" value="DownloadDatabase" />
				<value name="xe.analyzeErrors" value="AnalyzeErrors" />
			</include>
		</views>
	</event-handler>

	<event-handler name="AnalyzeErrors" type="Secured,Templated">
		<broadcasts>
			<message name="getErrorReport" />
		</broadcasts>
		<views>
			<include name="body" template="pages/analyzeErrors.cfm">
				<value name="xe.viewLogDetail" value="ViewLogDetail" />
			</include>
		</views>
	</event-handler>

	<event-handler name="DownloadDatabase" type="Secured">
		<broadcasts>
			<message name="ZipAndSendDatabase" />
		</broadcasts>
	</event-handler>

	<event-handler name="ViewLog" type="Secured,Templated">
		<broadcasts>
			<message name="GetConnection" />	
		</broadcasts>
		<views>
			<include name="body" template="pages/logs.cfm">
				<value name="xe.viewLogDetail" value="ViewLogDetail" />
			</include>
		</views>
	</event-handler>
	
	<event-handler name="ViewLogDetail" type="Secured">
		<broadcasts>
			<message name="GetLogRecord" />	
		</broadcasts>
		<views>
			<include name="body" template="pages/logDetail.cfm"/>
		</views>
	</event-handler>
	
	<event-handler name="EditConnection" type="Secured,Templated">
		<broadcasts>
			<message name="GetConnection" />	
		</broadcasts>
		<views>
			<include name="body" template="pages/connection.cfm">
				<value name="xe.saveConnection" value="SaveConnection" />
				<value name="xe.connections" value="Connections" />
			</include>
		</views>
	</event-handler>
	
	<event-handler name="GetQwsFile" type="Secured">
		<broadcasts>
			<message name="GetConnection" />
			<message name="GetQwsXml" />	
		</broadcasts>
		<views>
			<include name="body" template="pages/qws.cfm" />
		</views>
	</event-handler>
	
	<event-handler name="SaveConnection" type="Secured">
		<broadcasts>
			<message name="SaveConnection" />
		</broadcasts>
		<results>
			<result name="invalid" do="EditConnection" />
			<result name="saved" do="Connections" redirect="true" />
		</results>
	</event-handler>
	
	<event-handler name="DeleteConnection" type="Secured">
		<broadcasts>
			<message name="DeleteConnection" />
		</broadcasts>
		<results>
			<result do="Connections" redirect="true" />
		</results>
	</event-handler>
	
	
	
	<event-handler name="Integration" type="Secured,Templated">
		<views>
			<include name="body" template="pages/integration.cfm" />
		</views>
	</event-handler>
	
	<!-- An error event to show when an error occurs, much like <cferror>. -->
	<event-handler name="page.error" type="Templated">
		<broadcasts />
		<results />
		<views>
			<include name="body" template="pages/exception.cfm" />
		</views>
	</event-handler>

	<!-- A "404" event to show when the requested event isn't defined. -->
	<event-handler name="page.missing" type="Templated">
		<broadcasts />
		<results />
		<views>
			<include name="body" template="pages/missingEvent.cfm" />
		</views>
	</event-handler>
	
</event-handlers>
	
</modelglue>

