<beans>

<bean id="modelglue.ModelGlue" class="ModelGlue.gesture.ModelGlue">
	<!-- 
		Configuration to use.
		
		This should be defined in your application's local ColdSpring.xml file.
		
		If it's not, the definition provided later in this file will be used instead.
	-->
	<property name="modelGlueConfiguration">
		<ref bean="modelGlue.ModelGlueConfiguration" />
	</property>
	
	<!--
		Array of Populators.  These populate the event values from form, url, etc.
		
		Values are populated in the order defined:  last populator values overwrite prior!
	-->
	<property name="eventPopulators">
		<list>
			<!-- Low-level bootstraps use request. -->
			<ref bean="modelGlue.requestPopulator" />
			<ref bean="modelGlue.urlPopulator" />
			<ref bean="modelGlue.formPopulator" />
		</list>
	</property>
	
	<property name="scaffoldManager">
		<ref bean="modelglue.scaffoldManager" />
	</property>
	
	<!--
		Array of EventRequestPhase implementations.
		
		These will be executed in the order defined.
	-->
	<property name="requestPhases">
		<list>
			<bean class="ModelGlue.gesture.eventrequest.phase.Initialization">
				<constructor-arg name="moduleLoaderFactory">
					<ref bean="modelglue.ModuleLoaderFactory" />
				</constructor-arg>
				<constructor-arg name="modules">
					<list>
						<value>/ModelGlue/gesture/modules/internal/initialization/config/initialization.xml</value>
						<value>/ModelGlue/gesture/modules/orm/config/ModelGlue.xml</value>
					</list>
				</constructor-arg>
			</bean>
			<bean class="ModelGlue.gesture.eventrequest.phase.Population">
				<constructor-arg name="moduleLoaderFactory">
					<ref bean="modelglue.ModuleLoaderFactory" />
				</constructor-arg>
				<constructor-arg name="modules">
					<list>
						<value>/ModelGlue/gesture/modules/internal/population/config/population.xml</value>
						<value>/ModelGlue/gesture/modules/internal/generation/config/generation.xml</value>
					</list>
				</constructor-arg>
			</bean>
			<bean class="ModelGlue.gesture.eventrequest.phase.Configuration">
				<constructor-arg name="moduleLoaderFactory">
					<ref bean="modelglue.ModuleLoaderFactory" />
				</constructor-arg>
				<constructor-arg name="modules">
					<list>
						<value>/ModelGlue/gesture/modules/internal/configuration/config/configuration.xml</value>
					</list>
				</constructor-arg>
			</bean>
			<bean class="ModelGlue.gesture.eventrequest.phase.Invocation">
				<constructor-arg name="moduleLoaderFactory">
					<ref bean="modelglue.ModuleLoaderFactory" />
				</constructor-arg>
				<constructor-arg name="modules">
					<list>
						<value>/ModelGlue/gesture/modules/internal/invocation/config/invocation.xml</value>
					</list>
				</constructor-arg>
			</bean>
			<!-- Haven't found a use for it.
			<bean class="ModelGlue.gesture.eventrequest.phase.Termination" />
			-->
		</list>
	</property>
	
	<!-- Bean Populator to use -->
	<property name="beanPopulator">
		<ref bean="modelglue.beanPopulator" />
	</property>

	<!-- IoC Adapter to use -->
	<property name="iocAdapter">
		<ref bean="modelglue.iocAdapter" />
	</property>

	<!-- Cache Adapter to use -->
	<property name="cacheAdapter">
		<ref bean="modelglue.cacheAdapter" />
	</property>

	<!-- 
		View Renderer to use.
	-->
	<property name="viewRenderer">
		<ref bean="modelglue.viewRenderer" />
	</property>

	<!-- 
		State Persister to use
	-->
	<property name="statePersister">
		<ref bean="modelglue.statePersister" />
	</property>

	<!-- 
		Log Writer to use
	-->
	<property name="logWriter">
		<ref bean="modelglue.logWriter" />
	</property>
	
	<!-- 
		Log Renderer to use
	-->
	<property name="logRenderer">
		<ref bean="modelglue.logRenderer" />
	</property>
	
		<!-- 
		Validation Service to use
	-->
	<property name="validationService">
		<ref bean="modelglue.validationService" />
	</property>
</bean>

<!-- 
	Injector that performs "beans"-scope injection and autowiring for controllers.
-->
<bean id="modelglue.controllerBeanInjector" class="ModelGlue.gesture.externaladapters.beaninjection.ColdSpringBeanInjector" />

<!--
	Factory responsible for creating ModuleLoader implementations.
	
	If you wanted to define your own type of module loader, such as one
	that loaded controllers / event handlers from a database, you can implement
	it and register it here.
-->
<bean id="modelglue.ModuleLoaderFactory" class="ModelGlue.gesture.factory.TypeDefaultingMapBasedFactory">
	<constructor-arg name="registeredClasses">
		<map>
			<entry key="XML">
				<map><entry key="class"><value>ModelGlue.gesture.module.XMLModuleLoader</value></entry></map>
			</entry>
		</map>
	</constructor-arg>
</bean>

<!--
	Factory responsible for creating EventHandler implementations.

	If you wanted to define your own type of event handler, you can implement
	it.  It need not be registered here:  simply calling the create() method
	with the type name will instantiate it.  See TypeDefaultingMapBasedFactory.
-->
<bean id="modelglue.EventHandlerFactory" class="ModelGlue.gesture.factory.TypeDefaultingMapBasedFactory">
	<constructor-arg name="createSingletons">
		<value>false</value>
	</constructor-arg>
	<constructor-arg name="registeredClasses">
		<map>
			<entry key="EventHandler">
				<map>
					<entry key="class"><value>ModelGlue.gesture.eventhandler.EventHandler</value></entry>
				</map>
			</entry>
		</map>
	</constructor-arg>
</bean>

<!--
	Default URL manager to use.
-->
<bean id="modelglue.UrlManager" class="ModelGlue.gesture.eventrequest.url.UrlManager">
	<property name="modelGlue">
		<ref bean="modelglue.ModelGlue" />
	</property>
</bean>
	
<!--
	URL Populator to use.
-->
<bean id="modelGlue.urlPopulator" class="ModelGlue.gesture.eventrequest.population.UrlPopulator">
	<property name="urlManager">
		<ref bean="modelglue.UrlManager" />
	</property>
</bean>

<!--
	Form Populator to use.
-->
<bean id="modelGlue.formPopulator" class="ModelGlue.gesture.eventrequest.population.FormPopulator" />

<!--
	Request Populator to use.
-->
<bean id="modelGlue.requestPopulator" class="ModelGlue.gesture.eventrequest.population.RequestPopulator" />

<!--
	Bean Populator to use (fuels makeEventBean())
-->
<bean id="modelGlue.beanPopulator" class="ModelGlue.gesture.externaladapters.beanpopulation.CollectionBeanPopulator" />
	
<!--
	Session facade
-->
<bean id="modelglue.sessionFacade" class="ModelGlue.gesture.externaladapters.session.AdobeColdFusionSessionFacade" />

<!--
	IoC Adapter to use
-->
<bean id="modelGlue.iocAdapter" class="ModelGlue.gesture.externaladapters.ioc.ColdSpringAdapter" />

<!--
	Cache Adapter to use
-->
<bean id="modelGlue.cacheAdapter" class="ModelGlue.gesture.externaladapters.contentcaching.SimpleTimedCache">
	<constructor-arg name="sweepInterval"><value>10</value></constructor-arg>
	<constructor-arg name="defaultTimeout"><value>60</value></constructor-arg>
</bean>

<!--
	View renderer
-->
<bean id="modelglue.viewRenderer" class="ModelGlue.gesture.view.ViewRenderer">
	<property name="modelGlue">
		<ref bean="modelGlue.ModelGlue" />
	</property>
</bean>

<!--
	State persister
-->
<bean id="modelglue.statePersister" class="ModelGlue.gesture.eventrequest.statepersistence.SessionBasedStatePersister">
	<constructor-arg name="sessionFacade"><ref bean="modelglue.sessionFacade" /></constructor-arg>
</bean>

<!--
	Helper injector
-->
<bean id="modelglue.helperInjector" class="ModelGlue.gesture.helper.HelperInjector" />
	
<!--
	Event generator (does the creation of controllers, event-handler XML, etc. bits)
-->
<bean id="modelglue.eventGenerator" class="ModelGlue.gesture.modules.internal.generation.service.XMLEventGenerationService">
	<constructor-arg name="modelglue"><ref bean="modelglue.ModelGlue" /></constructor-arg>
</bean>
<!--
	Validation Service used by ORMAdapter. Can be overridden
-->
<bean id="modelglue.ValidationService" class="ModelGlue.gesture.modules.orm.ValidationService">
	<property name="framework"><ref bean="modelglue.ModelGlue" /></property>
</bean>

<!-- 
	Renderer that renders the ModelGlue Log.
-->
<bean id="modelglue.logRenderer" class="ModelGlue.gesture.eventrequest.log.LogRenderer" />

<!-- 
	Writer that writes the that renders the ModelGlue Log.
-->
<bean id="modelglue.logWriter" class="ModelGlue.gesture.eventrequest.log.LogWriter" />		
	
<!--
	ScaffoldManager (does the creation of scaffold bits)
--> 
<bean id="modelglue.scaffoldManager" class="ModelGlue.gesture.modules.scaffold.ScaffoldManager">
	<constructor-arg name="modelGlueConfiguration"><ref bean="modelglue.modelGlueConfiguration" /></constructor-arg>
	<constructor-arg name="scaffoldBeanRegistry">
		<map>
			<entry key="Commit"><ref bean="modelglue.scaffoldType.Commit" /></entry>
			<entry key="Delete"><ref bean="modelglue.scaffoldType.Delete" /></entry>
			<entry key="Edit"><ref bean="modelglue.scaffoldType.Edit" /></entry>
			<entry key="List"><ref bean="modelglue.scaffoldType.List" /></entry>
			<entry key="View"><ref bean="modelglue.scaffoldType.View" /></entry>
		</map>
	</constructor-arg>
	<property name="modelGlue">
		<ref bean="modelglue.ModelGlue" />
	</property>
</bean>
	
	
<bean id="modelglue.scaffoldType.Commit" class="coldspring.beans.factory.config.MapFactoryBean">
	<property name="SourceMap">
		<map>
			<entry key="class"><value>ModelGlue.gesture.modules.scaffold.beans.Commit</value></entry>
			<event key="hasXMLGeneration"><value>true</value></event>
			<event key="hasViewGeneration"><value>false</value></event>
		</map>
	</property>
</bean>	
	
<bean id="modelglue.scaffoldType.Delete" class="coldspring.beans.factory.config.MapFactoryBean">
	<property name="SourceMap">
		<map>
			<entry key="class"><value>ModelGlue.gesture.modules.scaffold.beans.Delete</value></entry>
			<event key="hasXMLGeneration"><value>true</value></event>
			<event key="hasViewGeneration"><value>false</value></event>
		</map>
	</property>
</bean>	
	
<bean id="modelglue.scaffoldType.Edit" class="coldspring.beans.factory.config.MapFactoryBean">
	<property name="SourceMap">
		<map>
			<entry key="class"><value>ModelGlue.gesture.modules.scaffold.beans.Edit</value></entry>
			<event key="hasXMLGeneration"><value>true</value></event>
			<event key="hasViewGeneration"><value>true</value></event>
			<entry key="prefix"><value>Form.</value></entry>
			<entry key="suffix"><value>.cfm</value></entry>
		</map>
	</property>
</bean>	
	
<bean id="modelglue.scaffoldType.List" class="coldspring.beans.factory.config.MapFactoryBean">
	<property name="SourceMap">
		<map>
			<entry key="class"><value>ModelGlue.gesture.modules.scaffold.beans.List</value></entry>
			<event key="hasXMLGeneration"><value>true</value></event>
			<event key="hasViewGeneration"><value>true</value></event>
			<entry key="prefix"><value>List.</value></entry>
			<entry key="suffix"><value>.cfm</value></entry>
		</map>
	</property>
</bean>
	
<bean id="modelglue.scaffoldType.View" class="coldspring.beans.factory.config.MapFactoryBean">
	<property name="SourceMap">
		<map>
			<entry key="class"><value>ModelGlue.gesture.modules.scaffold.beans.View</value></entry>
			<event key="hasXMLGeneration"><value>true</value></event>
			<event key="hasViewGeneration"><value>true</value></event>
			<entry key="prefix"><value>Display.</value></entry>
			<entry key="suffix"><value>.cfm</value></entry>
		</map>
	</property>
</bean>

	
	

<!-- Reactor adapter/service -->
<bean id="ormAdapter.Reactor" class="ModelGlue.unity.orm.ReactorAdapter">
	<constructor-arg name="framework"><ref bean="modelglue.ModelGlue" /></constructor-arg>
	<constructor-arg name="reactor"><ref bean="ormService.Reactor" /></constructor-arg>
</bean>
<bean id="ormService.Reactor" class="reactor.reactorFactory">
	<constructor-arg name="configuration"><ref bean="reactorConfiguration" /></constructor-arg>
</bean>


<!-- Transfer adapter/service -->
<bean id="ormAdapter.Transfer" class="ModelGlue.unity.orm.transfer.TransferAdapter">
	<constructor-arg name="framework"><ref bean="modelglue.ModelGlue" /></constructor-arg>
	<constructor-arg name="transfer"><ref bean="ormService.Transfer" /></constructor-arg>
</bean>

<bean id="ormService.Transfer" class="transfer.TransferFactory">
	 <constructor-arg name="configuration"><ref bean="transferConfiguration" /></constructor-arg>
</bean>

</beans>